ナンバリング,科目名,単位,配当年次,授業形態,備考,大分類,中分類,小分類,必修選択,履修済み,危険
GEA02020,情報技術と人間社会,2,1-4,講義,,総合科目,,,,False,False
GEA02030,メディアと社会,2,1-4,講義,,総合科目,,,,False,False
GEA02040,データ分析の基礎,2,1-4,講義,,総合科目,,,,False,False
GEA02050,データ分析の応用,2,1-4,講義,,総合科目,,,,False,False
GEA02060,Information Technology and Global Communication,2,1-4,講義,* ※（1）,総合科目,,,,False,False
GEA01010,表現技法とインタラクション,2,1-4,演習,◆,総合科目,,,,False,False
GEA01020,問題解決とコンピューティング,2,1-4,演習,◆,総合科目,,,,False,False
GEA01030,デジタル協働学,2,1-4,演習,◆,総合科目,,,,False,False
GEA01040,データマイニング入門,2,1-4,演習,,総合科目,,,,False,False
GEA01050,インターネット･イングリッシュ,2,1-4,演習,◆,総合科目,,,,False,False
GEA01060,クリエイティブ･ライティング,2,1-4,演習,,総合科目,,,,False,False
GEA01070,アカデミック･ディベート,2,1-4,演習,,総合科目,,,,False,False
GEA01080,クリティカル･シンキング,2,1-2,演習,※（2）,総合科目,,,,False,False
GEA01090,Digital Media Training,2,1-4,演習,◆ ※（1）、（3）,総合科目,,,,False,False
GEA01100,Accounting and Finance（a）,4,1,演習,※（4）,総合科目,,,,False,False
GEA01110,基礎数学,2,1-4,演習,,総合科目,,,,False,False
GEB02010,グローバル時代の歴史認識,2,1-4,講義,,総合科目,,,,True,False
GEB02020,20世紀の世界,2,1-4,講義,◆,総合科目,,,,False,False
GEB02030,20世紀の日本,2,1-4,講義,,総合科目,,,,True,False
GEB02040,社会思想の歴史,2,1-4,講義,*,総合科目,,,,False,False
GEB02050,人文学入門,2,1-4,講義,,総合科目,,,,False,False
GEB02060,日本と世界の宗教,2,1-4,講義,,総合科目,,,,False,False
GEB02070,日本の伝統と文化,2,1-4,講義,,総合科目,,,,False,False
GEB02080,現代の世界と人々,2,1-4,講義,◆,総合科目,,,,False,False
GEB02090,多文化共生の現在,2,1-4,講義,,総合科目,,,,False,False
GEB02100,Japan in the Modern World,2,1-4,講義,* ※（1）,総合科目,,,,False,False
GEB02110,"Introduction to Race, Ethnicity and Nation",2,1-4,講義,* ※（1）,総合科目,,,,False,False
GEB01010,世界の名著,2,1-4,演習,◆,総合科目,,,,False,False
GEB01020,日本の名著,2,1-4,演習,◆,総合科目,,,,False,False
GEB01030,サイエンスラボ講座（文理融合）,2,1-4,演習,,総合科目,,,,False,False
GEB01040,リベラルアーツの名著,2,1-4,演習,,総合科目,,,,False,False
GEB01050,分野横断型アカデミック・リーディング,2,1-4,演習,,総合科目,,,,False,False
GEC02010,日本国憲法,2,1-4,講義,,総合科目,,,,False,False
GEC02020,現代社会と政治,2,1-4,講義,,総合科目,,,,True,False
GEC02030,現代社会と法,2,1-4,講義,,総合科目,,,,False,False
GEC02040,現代社会と経済,2,1-4,講義,*,総合科目,,,,False,False
GEC02050,現代社会と人権,2,1-4,講義,,総合科目,,,,True,False
GEC02070,現代社会とジェンダー,2,1-4,講義,*,総合科目,,,,False,False
GEC02080,現代社会とアート,2,1-4,講義,*,総合科目,,,,False,False
GEC02090,国際社会における紛争と協調,2,1-4,講義,*,総合科目,,,,True,False
GEC02100,現代社会とグローバリゼーション,2,1-4,講義,* ◆,総合科目,,,,False,False
GEC02110,現代日本の課題,2,1-4,講義,,総合科目,,,,False,False
GEC02140,Introduction to Human Rights,2,1-4,講義,* ※（1）,総合科目,,,,False,False
GEC02150,Introduction to Gender and Sexuality Studies,2,1-4,講義,※（1）,総合科目,,,,False,False
GEC02160,社会学概論,2,1-4,講義,,総合科目,,,,True,False
GEC01030,現代アート･ワークショップ,2,1-4,演習,,総合科目,,,,False,False
GEC01060,Politics（a）,4,1,演習,* ※（4）,総合科目,,,,False,False
GEC01070,International Relations（a）,4,1,演習,* ※（4）,総合科目,,,,False,False
GEC01080,地域連携ワークショップ,2,1-4,演習,,総合科目,,,,False,False
GED02010,地球の自然史,2,1-4,講義,,総合科目,,,,False,False
GED02020,環境論,2,1-4,講義,,総合科目,,,,True,False
GED02030,人間と環境,2,1-4,講義,,総合科目,,,,False,False
GED02040,数学の世界,2,1-4,講義,,総合科目,,,,False,False
GED02050,自然と生活のなかの物理,2,1-4,講義,,総合科目,,,,False,False
GED02060,化学と現代社会,2,1-4,講義,,総合科目,,,,False,False
GED02070,生物の進化,2,1-4,講義,,総合科目,,,,False,False
GED02080,生物学と現代社会,2,1-4,講義,,総合科目,,,,False,False
GED02090,科学と歴史,2,1-4,講義,,総合科目,,,,False,False
GED02100,先進の科学技術,2,1-4,講義,,総合科目,,,,False,False
GED02110,Global Environmental Issues,2,1-4,講義,* ※（1）,総合科目,,,,False,False
GED02120,Introduction to Human Geography,2,1-4,講義,* ※（1）,総合科目,,,,False,False
GED01010,武蔵･環境フィールドワーク,2,1-4,演習,,総合科目,,,,False,False
GED01020,サイエンスラボ集中講座A,2,1-4,演習,,総合科目,,,,False,False
GED01030,サイエンスラボ集中講座B,2,1-4,演習,,総合科目,,,,False,False
GED01050,サイエンスラボ講座（物理学）A,2,1-4,演習,,総合科目,,,,False,False
GED01060,サイエンスラボ講座（物理学）B,2,1-4,演習,,総合科目,,,,False,False
GED01070,サイエンスラボ講座（化学）A,2,1-4,演習,,総合科目,,,,False,False
GED01080,サイエンスラボ講座（化学）B,2,1-4,演習,,総合科目,,,,False,False
GED01090,サイエンスラボ講座（生物学）A,2,1-4,演習,,総合科目,,,,False,False
GED01100,サイエンスラボ講座（生物学）B,2,1-4,演習,,総合科目,,,,False,False
GED01040,Mathematics and Statistics（a）,4,1,演習,※（4）,総合科目,,,,False,False
GED01110,Pure Mathematics（a）,4,1,演習,* ※（4）,総合科目,,,,False,False
GEE02010,こころの科学と健康,2,1-4,講義,,総合科目,,,,False,False
GEE02020,臨床心理学と人間理解,2,1-4,講義,,総合科目,,,,True,False
GEE02030,スポーツと健康の科学,2,1-4,講義,,総合科目,,,,False,False
GEE02040,スポーツの哲学,2,1-4,講義,,総合科目,,,,False,False
GEE02050,スポーツの歴史と文化,2,1-4,講義,,総合科目,,,,False,False
GEE02060,スポーツの社会環境,2,1-4,講義,,総合科目,,,,False,False
GEE02070,スポーツの心理学,2,1-4,講義,,総合科目,,,,False,False
GEE02080,Introduction to Personal Health and Wellness,2,1-4,講義,※（1）,総合科目,,,,False,False
GEE01010,心理学ワークショップ,2,1-4,演習,,総合科目,,,,False,False
GEE01020,アダプテッドスポーツ･ワークショップ,2,1-4,演習,,総合科目,,,,False,False
GEE06010,スポーツ実践1（バレーボール）,1,1-4,実技,,総合科目,,,,False,False
GEE06020,スポーツ実践2（バスケットボール）,1,1-4,実技,,総合科目,,,,False,False
GEE06030,スポーツ実践3（ファンランニング）,1,1-4,実技,*,総合科目,,,,False,False
GEE06040,スポーツ実践4（フットサル）,1,1-4,実技,,総合科目,,,,False,False
GEE06050,スポーツ実践5（バドミントン）,1,1-4,実技,,総合科目,,,,False,False
GEE06060,スポーツ実践6（卓球）,1,1-4,実技,,総合科目,,,,False,False
GEE06070,スポーツ実践7（アドバンストゴルフ）,1,1-4,実技,*,総合科目,,,,False,False
GEE06080,スポーツ実践8（ベーシックゴルフ）,1,1-4,実技,,総合科目,,,,False,False
GEE06090,スポーツ実践9（アクアスポーツ）,1,1-4,実技,,総合科目,,,,False,False
GEE06100,スポーツ実践10（エアロビクス&フィットネス）,1,1-4,実技,,総合科目,,,,False,False
GEE06110,スポーツ実践11（リラクゼーション&ウォーキング）,1,1-4,実技,,総合科目,,,,False,False
GEE06120,スポーツ実践12（護身術と柔道）,1,1-4,実技,,総合科目,,,,False,False
GEE06130,スポーツ実践13（スキー）,1,1-4,実技,*,総合科目,,,,False,False
GEE06140,スポーツ実践14（スノーボード）,1,1-4,実技,*,総合科目,,,,False,False
GEF02010,自己理解の哲学,2,1-4,講義,,総合科目,,,,False,False
GEF02020,キャリアデザイン論A,2,1-4,講義,,総合科目,,,,True,False
GEF02030,キャリアデザイン論B,2,1-4,講義,,総合科目,,,,False,True
GEF22010,キャリア対策科目,2,2-4,講義,◆,総合科目,,,,False,False
GEF02040,ライフサイクルと生涯学習,2,1-4,講義,,総合科目,,,,False,False
GEF02050,心理学と社会,2,1-4,講義,,総合科目,,,,False,False
GEF02060,Career Design in a Global Age,2,1-4,講義,※（1）,総合科目,,,,False,False
GEF02070,リーダーシップ論,2,1-4,講義,,総合科目,,,,False,False
GEF21010,キャリアデザイン演習,2,2-4,演習,,総合科目,,,,False,False
GEF06010,海外フィールド実習,1,1-4,実習,* ◆,総合科目,,,,False,False
GEF01040,Economics（a）,4,1,演習,※（4）,総合科目,,,,False,False
GEF31010,インターンシップ特講,1,3・4,演習,◆,総合科目,,,,False,False
GEF36010,インターンシップ,1,3・4,実習,◆,総合科目,,,,False,False
GEF01050,リーダーシップ実践,2,1-4,演習,,総合科目,,,,False,False
LEN16010,英語I （総合）［春学期］,1,1,実習（外国語）,,外国語科目,必修外国語,,,True,False
LEN16010,英語I （総合）［秋学期］,1,1,実習（外国語）,,外国語科目,必修外国語,,,True,False
LEN16010,英語I （会話）［春学期］,1,1,実習（外国語）,,外国語科目,必修外国語,,,True,False
LEN16010,英語I （会話）［秋学期］,1,1,実習（外国語）,,外国語科目,必修外国語,,,True,False
LEN26010,英語II［春学期］,1,2,実習（外国語）,,外国語科目,必修外国語,,,True,False
LEN26010,英語II［秋学期］,1,2,実習（外国語）,,外国語科目,必修外国語,,,True,False
LGE16021,選択ドイツ語基礎1,1,1,実習（外国語）,,外国語科目,選択外国語,社会学部専用クラス,,False,False
LGE16022,選択ドイツ語基礎2,1,1,実習（外国語）,,外国語科目,選択外国語,社会学部専用クラス,,False,False
LFR16021,選択フランス語基礎1,1,1,実習（外国語）,,外国語科目,選択外国語,社会学部専用クラス,,False,False
LFR16022,選択フランス語基礎2,1,1,実習（外国語）,,外国語科目,選択外国語,社会学部専用クラス,,False,False
LSP16021,選択スペイン語基礎1,1,1,実習（外国語）,,外国語科目,選択外国語,社会学部専用クラス,,False,False
LSP16022,選択スペイン語基礎2,1,1,実習（外国語）,,外国語科目,選択外国語,社会学部専用クラス,,False,False
LCH16021,選択中国語基礎1,1,1,実習（外国語）,,外国語科目,選択外国語,社会学部専用クラス,,False,False
LCH16022,選択中国語基礎2,1,1,実習（外国語）,,外国語科目,選択外国語,社会学部専用クラス,,False,False
LKO16021,選択韓国･朝鮮語基礎1,1,1,実習（外国語）,,外国語科目,選択外国語,社会学部専用クラス,,False,False
LKO16022,選択韓国･朝鮮語基礎2,1,1,実習（外国語）,,外国語科目,選択外国語,社会学部専用クラス,,False,False
LEN26011,プラクティカル･イングリッシュ1,1,1-4,実習（外国語）,◆,外国語科目,選択外国語,全学共通クラス,,False,False
LEN26012,プラクティカル･イングリッシュ2,1,1-4,実習（外国語）,◆,外国語科目,選択外国語,全学共通クラス,,False,False
LEN26021,イングリッシュ･エクステンシブ･リーディング1,1,1-4,実習（外国語）,◆,外国語科目,選択外国語,全学共通クラス,,False,False
LEN26022,イングリッシュ･エクステンシブ･リーディング2,1,1-4,実習（外国語）,◆,外国語科目,選択外国語,全学共通クラス,,False,False
LEN26031,イングリッシュ･パフォーマンス･ワークショップ1,1,1-4,実習（外国語）,* ◆,外国語科目,選択外国語,全学共通クラス,,False,False
LEN26032,イングリッシュ･パフォーマンス･ワークショップ2,1,1-4,実習（外国語）,* ◆,外国語科目,選択外国語,全学共通クラス,,False,False
LEN26041,ディスカッション･ディベート英語1,1,1-4,実習（外国語）,◆,外国語科目,選択外国語,全学共通クラス,,False,False
LEN26042,ディスカッション･ディベート英語2,1,1-4,実習（外国語）,◆,外国語科目,選択外国語,全学共通クラス,,False,False
LEN26051,クリエイティブ･ライティング･イン･イングリッシュ1,1,1-4,実習（外国語）,* ◆,外国語科目,選択外国語,全学共通クラス,,False,False
LEN26052,クリエイティブ･ライティング･イン･イングリッシュ2,1,1-4,実習（外国語）,* ◆,外国語科目,選択外国語,全学共通クラス,,False,False
LEN26061,ビジネス･コミュニケーション英語1,1,1-4,実習（外国語）,◆,外国語科目,選択外国語,全学共通クラス,,False,False
LEN26062,ビジネス･コミュニケーション英語2,1,1-4,実習（外国語）,◆,外国語科目,選択外国語,全学共通クラス,,False,False
LEN26071,イングリッシュ･ライティング･ワークショップ1,1,1-4,実習（外国語）,◆,外国語科目,選択外国語,全学共通クラス,,False,False
LEN26072,イングリッシュ･ライティング･ワークショップ2,1,1-4,実習（外国語）,◆,外国語科目,選択外国語,全学共通クラス,,False,False
LEN26081,TOEIC対策英語1,1,1-4,実習（外国語）,,外国語科目,選択外国語,全学共通クラス,,False,False
LEN26082,TOEIC対策英語2,1,1-4,実習（外国語）,,外国語科目,選択外国語,全学共通クラス,,False,False
LGE16031,ドイツ語入門1,1,1-4,実習（外国語）,,外国語科目,選択外国語,全学共通クラス,,False,False
LGE16032,ドイツ語入門2,1,1-4,実習（外国語）,,外国語科目,選択外国語,全学共通クラス,,False,False
LGE26021,ドイツ語中級1,1,2-4,実習（外国語）,*,外国語科目,選択外国語,全学共通クラス,,False,False
LGE26022,ドイツ語中級2,1,2-4,実習（外国語）,*,外国語科目,選択外国語,全学共通クラス,,False,False
LGE26031,ドイツ語コミュニケーション1,1,2-4,実習（外国語）,* ◆,外国語科目,選択外国語,全学共通クラス,,False,False
LGE26032,ドイツ語コミュニケーション2,1,2-4,実習（外国語）,* ◆,外国語科目,選択外国語,全学共通クラス,,False,False
LFR16031,フランス語入門1,1,1-4,実習（外国語）,,外国語科目,選択外国語,全学共通クラス,,False,False
LFR16032,フランス語入門2,1,1-4,実習（外国語）,,外国語科目,選択外国語,全学共通クラス,,False,False
LFR26021,フランス語中級1,1,2-4,実習（外国語）,*,外国語科目,選択外国語,全学共通クラス,,False,False
LFR26022,フランス語中級2,1,2-4,実習（外国語）,*,外国語科目,選択外国語,全学共通クラス,,False,False
LFR26031,フランス語コミュニケーション1,1,2-4,実習（外国語）,* ◆,外国語科目,選択外国語,全学共通クラス,,False,False
LFR26032,フランス語コミュニケーション2,1,2-4,実習（外国語）,* ◆,外国語科目,選択外国語,全学共通クラス,,False,False
LIA16031,イタリア語入門1,1,1-4,実習（外国語）,,外国語科目,選択外国語,全学共通クラス,,False,False
LIA16032,イタリア語入門2,1,1-4,実習（外国語）,,外国語科目,選択外国語,全学共通クラス,,False,False
LIA26011,イタリア語中級1,1,2-4,実習（外国語）,*,外国語科目,選択外国語,全学共通クラス,,False,False
LIA26012,イタリア語中級2,1,2-4,実習（外国語）,*,外国語科目,選択外国語,全学共通クラス,,False,False
LIA26021,イタリア語コミュニケーション1,1,2-4,実習（外国語）,* ◆,外国語科目,選択外国語,全学共通クラス,,False,False
LIA26022,イタリア語コミュニケーション2,1,2-4,実習（外国語）,* ◆,外国語科目,選択外国語,全学共通クラス,,False,False
LRU16011,ロシア語入門1,1,1-4,実習（外国語）,,外国語科目,選択外国語,全学共通クラス,,True,False
LRU16012,ロシア語入門2,1,1-4,実習（外国語）,,外国語科目,選択外国語,全学共通クラス,,True,False
LRU26011,ロシア語中級1,1,2-4,実習（外国語）,*,外国語科目,選択外国語,全学共通クラス,,False,False
LRU26012,ロシア語中級2,1,2-4,実習（外国語）,*,外国語科目,選択外国語,全学共通クラス,,False,False
LRU26021,ロシア語コミュニケーション1,1,2-4,実習（外国語）,* ◆,外国語科目,選択外国語,全学共通クラス,,False,False
LRU26022,ロシア語コミュニケーション2,1,2-4,実習（外国語）,* ◆,外国語科目,選択外国語,全学共通クラス,,False,False
LSP16031,スペイン語入門1,1,1-4,実習（外国語）,,外国語科目,選択外国語,全学共通クラス,,False,False
LSP16032,スペイン語入門2,1,1-4,実習（外国語）,,外国語科目,選択外国語,全学共通クラス,,False,False
LSP26021,スペイン語中級1,1,2-4,実習（外国語）,*,外国語科目,選択外国語,全学共通クラス,,False,False
LSP26022,スペイン語中級2,1,2-4,実習（外国語）,*,外国語科目,選択外国語,全学共通クラス,,False,False
LSP26031,スペイン語コミュニケーション1,1,2-4,実習（外国語）,* ◆,外国語科目,選択外国語,全学共通クラス,,False,False
LSP26032,スペイン語コミュニケーション2,1,2-4,実習（外国語）,* ◆,外国語科目,選択外国語,全学共通クラス,,False,False
LCH16031,中国語入門1,1,1-4,実習（外国語）,,外国語科目,選択外国語,全学共通クラス,,False,False
LCH16032,中国語入門2,1,1-4,実習（外国語）,,外国語科目,選択外国語,全学共通クラス,,False,False
LCH26021,中国語中級1,1,2-4,実習（外国語）,*,外国語科目,選択外国語,全学共通クラス,,False,False
LCH26022,中国語中級2,1,2-4,実習（外国語）,*,外国語科目,選択外国語,全学共通クラス,,False,False
LCH26031,中国語コミュニケーション1,1,2-4,実習（外国語）,* ◆,外国語科目,選択外国語,全学共通クラス,,False,False
LCH26032,中国語コミュニケーション2,1,2-4,実習（外国語）,* ◆,外国語科目,選択外国語,全学共通クラス,,False,False
LKO16031,韓国･朝鮮語入門1,1,1-4,実習（外国語）,,外国語科目,選択外国語,全学共通クラス,,False,False
LKO16032,韓国･朝鮮語入門2,1,1-4,実習（外国語）,,外国語科目,選択外国語,全学共通クラス,,False,False
LKO26021,韓国･朝鮮語中級1,1,2-4,実習（外国語）,*,外国語科目,選択外国語,全学共通クラス,,False,False
LKO26022,韓国･朝鮮語中級2,1,2-4,実習（外国語）,*,外国語科目,選択外国語,全学共通クラス,,False,False
LKO26031,韓国･朝鮮語コミュニケーション1,1,2-4,実習（外国語）,* ◆,外国語科目,選択外国語,全学共通クラス,,False,False
LKO26032,韓国･朝鮮語コミュニケーション2,1,2-4,実習（外国語）,* ◆,外国語科目,選択外国語,全学共通クラス,,False,False
LEN06010,外国語現地実習（英語）1,2,1-4,実習,◆,外国語科目,選択外国語,全学共通クラス,,False,False
LEN06020,外国語現地実習（英語）2,2,1-4,実習,◆,外国語科目,選択外国語,全学共通クラス,,False,False
LGE06010,外国語現地実習（ドイツ語）1,2,1-4,実習,◆,外国語科目,選択外国語,全学共通クラス,,False,False
LGE06020,外国語現地実習（ドイツ語）2,2,1-4,実習,◆,外国語科目,選択外国語,全学共通クラス,,False,False
LFR06010,外国語現地実習（フランス語）1,2,1-4,実習,◆,外国語科目,選択外国語,全学共通クラス,,False,False
LFR06020,外国語現地実習（フランス語）2,2,1-4,実習,◆,外国語科目,選択外国語,全学共通クラス,,False,False
LCH06010,外国語現地実習（中国語）1,2,1-4,実習,◆,外国語科目,選択外国語,全学共通クラス,,False,False
LCH06020,外国語現地実習（中国語）2,2,1-4,実習,◆,外国語科目,選択外国語,全学共通クラス,,False,False
LKO06010,外国語現地実習（韓国･朝鮮語）1,2,1-4,実習,◆,外国語科目,選択外国語,全学共通クラス,,False,False
LKO06020,外国語現地実習（韓国･朝鮮語）2,2,1-4,実習,◆,外国語科目,選択外国語,全学共通クラス,,False,False
LJA16020,日本語（コンプリートビギナー）,1,1-4,実習（外国語）,*,外国語科目,選択外国語,全学共通クラス,,False,False
LJA16040,日本語（入門）,1,1-4,実習（外国語）,*,外国語科目,選択外国語,全学共通クラス,,False,False
LJA26010,日本語（初級）,1,1-4,実習（外国語）,,外国語科目,選択外国語,全学共通クラス,,False,False
LJA26030,日本語（初中級）,1,1-4,実習（外国語）,,外国語科目,選択外国語,全学共通クラス,,False,False
LJA36010,日本語（中級）,1,1-4,実習（外国語）,,外国語科目,選択外国語,全学共通クラス,,False,False
LJA46010,日本語（上級）,1,1-4,実習（外国語）,,外国語科目,選択外国語,全学共通クラス,,False,False
LJA46020,日本語（アカデミック・ライティング）1,1,2-4,実習（外国語）,,外国語科目,選択外国語,全学共通クラス,,False,False
LJA46021,日本語（アカデミック・ライティング）2,1,2-4,実習（外国語）,,外国語科目,選択外国語,全学共通クラス,,False,False
SEM11010,メディア社会学初年次基礎ゼミ,2,1,演習,,専門科目,ゼミ科目,,必修,True,False
SEM11020,メディア社会学初年次応用ゼミ,2,1,演習,,専門科目,ゼミ科目,,必修,True,False
SEM21010,メディア社会学方法論ゼミ1,2,2,演習,,専門科目,ゼミ科目,,必修,True,False
SEM21020,メディア社会学方法論ゼミ2,2,2,演習,,専門科目,ゼミ科目,,必修,True,False
SEM31010,メディア社会学専門ゼミ1,2,3,演習,,専門科目,ゼミ科目,,必修,False,False
SEM31020,メディア社会学専門ゼミ2,2,3,演習,,専門科目,ゼミ科目,,必修,False,False
SEM41010,メディア社会学卒業研究ゼミ,4,4,演習,,専門科目,ゼミ科目,,必修,False,False
THE41020,卒業論文･卒業制作,4,4,演習,,専門科目,ゼミ科目,,必修,False,False
SOC12010,社会学原論A,2,1,講義,,専門科目,理論科目,,必修,True,False
MCC12010,メディア社会学,2,1,講義,,専門科目,理論科目,,必修,True,False
MCC22010,メディア学説史,2,1-4,講義,*,専門科目,理論科目,,選択,True,False
MCC22020,コミュニケーション理論,2,1-4,講義,*,専門科目,理論科目,,選択,False,False
SOC01010,学年縦断自由ゼミ,2,1-4,演習,* ※,専門科目,理論科目,,選択,True,False
ISC14010,コンピューティング基礎,2,1,講義,,専門科目,方法科目,,必修,True,False
SOC14010,社会調査方法論基礎1,2,1,講義,,専門科目,方法科目,,必修,True,False
SOC14020,社会調査方法論基礎2,2,1,講義,,専門科目,方法科目,,必修,True,False
ISC24010,コンピューティング応用A,2,1-4,講義,,専門科目,方法科目,,選択,False,False
ISC24020,コンピューティング応用B,2,1-4,講義,,専門科目,方法科目,,選択,False,False
ISC24030,コンピューティング応用C,2,1-4,講義,*,専門科目,方法科目,,選択,False,False
ISC24040,コンピューティング応用D,2,1-4,講義,*,専門科目,方法科目,,選択,True,False
ISC24050,プログラミング基礎A,2,1-4,講義,*,専門科目,方法科目,,選択,True,False
ISC24060,プログラミング基礎B,2,1-4,講義,*,専門科目,方法科目,,選択,True,False
ISC24070,プログラミング応用A,2,1-4,講義,*,専門科目,方法科目,,選択,True,False
ISC24080,プログラミング応用B,2,1-4,講義,*,専門科目,方法科目,,選択,True,False
SOC24010,量的社会調査方法論,2,1-4,講義,,専門科目,方法科目,,選択,False,False
SOC24020,質的社会調査方法論,2,1-4,講義,,専門科目,方法科目,,選択,False,False
SOC24040,資料調査方法論,2,1-4,講義,*,専門科目,方法科目,,選択,False,False
MCC24010,メディア分析方法論,2,1-4,講義,*,専門科目,方法科目,,選択,False,False
MCC24040,ルポライティング方法論,2,1-4,講義,*,専門科目,方法科目,,選択,False,False
ISC14020,データサイエンス基礎,2,1-4,講義,,専門科目,方法科目,,選択,False,False
ISC24090,データサイエンス応用,2,2-4,講義,,専門科目,方法科目,,選択,False,False
ISC34010,ビッグデータ解析方法論,2,1-4,講義,*,専門科目,方法科目,,選択,False,False
ISC34030,定量データ分析方法論,2,1-4,講義,*,専門科目,方法科目,,選択,False,False
STA24020,社会統計学1,2,1-4,講義,,専門科目,方法科目,,選択,True,False
STA24030,社会統計学2,2,1-4,講義,,専門科目,方法科目,,選択,False,False
SOC04010,Academic Writing（論文の書き方）,2,1-4,演習,* ◆ ※,専門科目,方法科目,,選択,False,False
MCC33010,映画研究,2,2-4,講義,*,専門科目,展開科目,,選択,True,False
MCC33020,エレクトリックメディア論,2,2-4,講義,* ◆,専門科目,展開科目,,選択,False,False
MCC33030,グローバリゼーションとメディア,2,2-4,講義,*,専門科目,展開科目,,選択,False,False
MCC33040,デジタル社会論,2,2-4,講義,* ◆,専門科目,展開科目,,選択,True,False
MCC33050,ポピュラー音楽論,2,2-4,講義,*,専門科目,展開科目,,選択,False,False
MCC33060,マスコミュニケーション論,2,2-4,講義,*,専門科目,展開科目,,選択,False,False
PSY33010,情報とネットワークの社会心理,2,2-4,講義,*,専門科目,展開科目,,選択,False,False
SOC33280,音楽文化の社会学,2,2-4,講義,*,専門科目,展開科目,,選択,False,False
SOC33290,活字メディアの社会学,2,2-4,講義,*,専門科目,展開科目,,選択,True,False
SOC33300,サブカルチャーの社会学,2,2-4,講義,*,専門科目,展開科目,,選択,True,False
SOC33310,放送メディアの社会学,2,2-4,講義,*,専門科目,展開科目,,選択,False,False
MCC33070,コンピューティング社会論,2,2-4,講義,* ◆,専門科目,展開科目,,選択,False,False
MCC33080,エスニシティとメディア,2,2-4,講義,*,専門科目,展開科目,,選択,False,False
MCC33090,NPO･NGOとメディア,2,2-4,講義,*,専門科目,展開科目,,選択,False,False
MCC33270,ゲーミフィケーション論,2,2-4,講義,*,専門科目,展開科目,,選択,False,False
MCC33110,広告論,2,2-4,講義,*,専門科目,展開科目,,選択,False,True
MCC33120,広報論,2,2-4,講義,*,専門科目,展開科目,,選択,True,False
MCC33130,スポーツとメディア,2,2-4,講義,*,専門科目,展開科目,,選択,True,False
MCC33140,電子コミュニケーション論,2,2-4,講義,*,専門科目,展開科目,,選択,True,False
MCC33150,メディアリテラシー論,2,2-4,講義,*,専門科目,展開科目,,選択,False,False
PSY33020,ファッションと流行の社会心理,2,2-4,講義,*,専門科目,展開科目,,選択,False,False
PSY33030,社会心理学,2,2-4,講義,*,専門科目,展開科目,,選択,False,False
MCC33160,映像アーカイブ論,2,2-4,講義,*,専門科目,展開科目,,選択,False,False
MCC33170,映像メディア制作論,2,2-4,講義,* ◆,専門科目,展開科目,,選択,False,False
MCC33180,国際ニュース研究,2,2-4,講義,*,専門科目,展開科目,,選択,False,False
MCC33190,CM企画･制作論,2,2-4,講義,*,専門科目,展開科目,,選択,False,False
MCC33200,デジタルアーカイブ論,2,2-4,講義,* ◆,専門科目,展開科目,,選択,False,False
MCC33210,ジャーナリズム論,2,2-4,講義,*,専門科目,展開科目,,選択,False,False
MCC33280,知とデータ,2,2-4,講義,*,専門科目,展開科目,,選択,True,False
MCC33230,地域メディア論,2,2-4,講義,*,専門科目,展開科目,,選択,False,False
MCC33240,データ社会のガバナンス,2,2-4,講義,*,専門科目,展開科目,,選択,True,False
MCC33250,ドキュメンタリー研究,2,2-4,講義,*,専門科目,展開科目,,選択,False,False
MCC33260,メディア倫理と法制,2,2-4,講義,*,専門科目,展開科目,,選択,False,False
SOC35020,現代社会の諸相,2,2-4,講義,*,専門科目,学部共通科目,社会学部特講,,False,False
SOC35030,グローバル社会の諸相,2,2-4,講義,*,専門科目,学部共通科目,社会学部特講,,False,False
SOC35040,ホットトピック特別講義,2,2-4,講義,*,専門科目,学部共通科目,社会学部特講,,False,False
MCC35020,メディア社会の諸相,2,2-4,講義,*,専門科目,学部共通科目,社会学部特講,,True,False
ISC35010,データサイエンス特別講義,2,2-4,講義,*,専門科目,学部共通科目,社会学部特講,,False,False
SOC12020,社会学原論B,2,1-4,講義,,専門科目,学部共通科目,他学科専門科目,,False,False
SOC22010,社会学史,2,1-4,講義,*,専門科目,学部共通科目,他学科専門科目,,False,False
SOC22020,社会学理論,2,1-4,講義,*,専門科目,学部共通科目,他学科専門科目,,False,False
ANT33010,開発と社会,2,2-4,講義,*,専門科目,学部共通科目,他学科専門科目,,False,False
ANT33020,多文化共生の人類学,2,2-4,講義,*,専門科目,学部共通科目,他学科専門科目,,False,False
SOC33010,家族社会学,2,2-4,講義,*,専門科目,学部共通科目,他学科専門科目,,False,False
SOC33020,教育社会学,2,2-4,講義,*,専門科目,学部共通科目,他学科専門科目,,False,False
SOC33030,ケアの社会学,2,2-4,講義,* ◆,専門科目,学部共通科目,他学科専門科目,,False,False
SOC33040,ジェンダーの社会学,2,2-4,講義,*,専門科目,学部共通科目,他学科専門科目,,False,False
SOC33050,仕事の社会学,2,2-4,講義,*,専門科目,学部共通科目,他学科専門科目,,False,False
SOC33060,社会問題の社会学,2,2-4,講義,*,専門科目,学部共通科目,他学科専門科目,,False,False
SOC33070,人口問題の社会学,2,2-4,講義,*,専門科目,学部共通科目,他学科専門科目,,False,False
SOC33080,福祉社会学,2,2-4,講義,*,専門科目,学部共通科目,他学科専門科目,,False,False
SOC33090,不平等の社会学,2,2-4,講義,*,専門科目,学部共通科目,他学科専門科目,,False,False
ANT33030,家族と結婚の人類学,2,2-4,講義,*,専門科目,学部共通科目,他学科専門科目,,False,False
ANT33040,宗教と社会,2,2-4,講義,*,専門科目,学部共通科目,他学科専門科目,,False,False
ANT33050,文化人類学,2,2-4,講義,*,専門科目,学部共通科目,他学科専門科目,,False,False
SOC33100,アイデンティティの社会学,2,2-4,講義,*,専門科目,学部共通科目,他学科専門科目,,False,False
SOC33110,カルチュラルスタディーズ,2,2-4,講義,*,専門科目,学部共通科目,他学科専門科目,,False,False
SOC33120,コミュニケーションの社会学,2,2-4,講義,*,専門科目,学部共通科目,他学科専門科目,,False,False
SOC33130,消費社会論,2,2-4,講義,*,専門科目,学部共通科目,他学科専門科目,,False,False
SOC33320,恋愛の社会学,2,2-4,講義,*,専門科目,学部共通科目,他学科専門科目,,False,False
SOC33150,セクシュアリティの社会学,2,2-4,講義,*,専門科目,学部共通科目,他学科専門科目,,False,False
SOC33160,文化社会学,2,2-4,講義,*,専門科目,学部共通科目,他学科専門科目,,False,False
SOC33170,若者の社会学,2,2-4,講義,*,専門科目,学部共通科目,他学科専門科目,,False,False
ANT33060,観光と社会,2,2-4,講義,*,専門科目,学部共通科目,他学科専門科目,,False,False
SOC33180,エスニシティの社会学,2,2-4,講義,*,専門科目,学部共通科目,他学科専門科目,,False,False
SOC33190,現代社会と科学,2,2-4,講義,*,専門科目,学部共通科目,他学科専門科目,,False,False
SOC33200,グローバリゼーションの社会学,2,2-4,講義,*,専門科目,学部共通科目,他学科専門科目,,False,False
SOC33210,社会運動論,2,2-4,講義,*,専門科目,学部共通科目,他学科専門科目,,False,False
SOC33220,政治社会学,2,2-4,講義,*,専門科目,学部共通科目,他学科専門科目,,False,False
SOC33230,地域とコミュニティの社会学,2,2-4,講義,*,専門科目,学部共通科目,他学科専門科目,,False,False
SOC33240,都市社会学,2,2-4,講義,*,専門科目,学部共通科目,他学科専門科目,,False,False
SOC33250,ナショナリズムの社会学,2,2-4,講義,*,専門科目,学部共通科目,他学科専門科目,,False,False
SOC33330,国際比較社会学,2,2-4,講義,*,専門科目,学部共通科目,他学科専門科目,,False,False
SOC33270,歴史社会学,2,2-4,講義,*,専門科目,学部共通科目,他学科専門科目,,False,False
CRO21010,学部横断型課題解決プロジェクト,4,1-4,演習,1年次は秋学期からとする,専門科目,学部共通科目,他学科専門科目,,False,False
ECO22040,アジア経済,2,3･4,講義,,専門科目,全学対象専門科目,経済学部提供科目,,False,False
ECO32010,開発経済学1,2,3･4,講義,*,専門科目,全学対象専門科目,経済学部提供科目,,False,False
ECO32020,開発経済学2,2,3･4,講義,*,専門科目,全学対象専門科目,経済学部提供科目,,False,False
ECO22850,国際法1,2,3･4,講義,*,専門科目,全学対象専門科目,経済学部提供科目,,False,False
ECO22860,国際法2,2,3･4,講義,*,専門科目,全学対象専門科目,経済学部提供科目,,False,False
ECO22460,世界経済,2,3･4,講義,*,専門科目,全学対象専門科目,経済学部提供科目,,False,False
ECO22260,ゲーム理論入門,2,3･4,講義,,専門科目,全学対象専門科目,経済学部提供科目,,False,False
ECO22200,経済政策1,2,3･4,講義,*,専門科目,全学対象専門科目,経済学部提供科目,,False,False
ECO22210,経済政策2,2,3･4,講義,*,専門科目,全学対象専門科目,経済学部提供科目,,False,False
ECO22290,憲法1,2,3･4,講義,,専門科目,全学対象専門科目,経済学部提供科目,,False,False
ECO22300,憲法2,2,3･4,講義,,専門科目,全学対象専門科目,経済学部提供科目,,False,False
ECO22100,行政法1,2,3･4,講義,*,専門科目,全学対象専門科目,経済学部提供科目,,False,False
ECO22110,行政法2,2,3･4,講義,*,専門科目,全学対象専門科目,経済学部提供科目,,False,False
ECO22370,産業組織論1,2,3･4,講義,,専門科目,全学対象専門科目,経済学部提供科目,,False,False
ECO22380,産業組織論2,2,3･4,講義,,専門科目,全学対象専門科目,経済学部提供科目,,False,False
ECO22440,西洋経済史1,2,3･4,講義,,専門科目,全学対象専門科目,経済学部提供科目,,False,False
ECO22450,西洋経済史2,2,3･4,講義,,専門科目,全学対象専門科目,経済学部提供科目,,False,False
ECO32030,日本経済史1,2,3･4,講義,,専門科目,全学対象専門科目,経済学部提供科目,,False,False
ECO32040,日本経済史2,2,3･4,講義,,専門科目,全学対象専門科目,経済学部提供科目,,False,False
ECO22640,労働経済1,2,3･4,講義,,専門科目,全学対象専門科目,経済学部提供科目,,False,False
ECO22650,労働経済2,2,3･4,講義,,専門科目,全学対象専門科目,経済学部提供科目,,False,False
MAN22080,イノベーション論,2,3･4,講義,,専門科目,全学対象専門科目,経済学部提供科目,,False,False
MAN12020,経営管理論1,2,3･4,講義,,専門科目,全学対象専門科目,経済学部提供科目,,False,False
MAN22090,経営管理論2,2,3･4,講義,,専門科目,全学対象専門科目,経済学部提供科目,,False,False
MAN22130,国際経営論,2,3･4,講義,,専門科目,全学対象専門科目,経済学部提供科目,,False,False
MAN22150,人事管理論1,2,3･4,講義,,専門科目,全学対象専門科目,経済学部提供科目,,False,False
MAN22160,人事管理論2,2,3･4,講義,,専門科目,全学対象専門科目,経済学部提供科目,,False,False
MAN22170,組織論1,2,3･4,講義,,専門科目,全学対象専門科目,経済学部提供科目,,False,False
MAN22180,組織論2,2,3･4,講義,,専門科目,全学対象専門科目,経済学部提供科目,,False,False
MAN22140,多国籍企業論,2,3･4,講義,*,専門科目,全学対象専門科目,経済学部提供科目,,False,False
MIS22030,情報ネットワーク基礎,2,3･4,講義,,専門科目,全学対象専門科目,経済学部提供科目,,False,False
MIS22090,コンピュータシステム基礎,2,3･4,講義,,専門科目,全学対象専門科目,経済学部提供科目,,False,False
MIS22010,サービスマネジメント,2,3･4,講義,,専門科目,全学対象専門科目,経済学部提供科目,,False,False
MAN22240,ベンチャー企業論1,2,3･4,講義,,専門科目,全学対象専門科目,経済学部提供科目,,False,False
MAN22250,ベンチャー企業論2,2,3･4,講義,*,専門科目,全学対象専門科目,経済学部提供科目,,False,False
MIS12010,経営情報基礎,2,2-4,講義,,専門科目,全学対象専門科目,経済学部提供科目,,False,False
MIS12020,情報と職業,2,2-4,講義,*,専門科目,全学対象専門科目,経済学部提供科目,,False,False
MAN12040,経営統計学,2,3･4,講義,,専門科目,全学対象専門科目,経済学部提供科目,,False,False
ACC22070,企業法,2,3･4,講義,,専門科目,全学対象専門科目,経済学部提供科目,,False,False
ACC12050,企業法基礎,2,2-4,講義,,専門科目,全学対象専門科目,経済学部提供科目,,False,False
ACC12020,簿記演習1,2,2-4,講義,,専門科目,全学対象専門科目,経済学部提供科目,,False,False
ECO22590,民法1,2,3･4,講義,*,専門科目,全学対象専門科目,経済学部提供科目,,False,False
ECO22600,民法2,2,3･4,講義,*,専門科目,全学対象専門科目,経済学部提供科目,,False,False
ACC12040,会計学基礎,2,2-4,講義,,専門科目,全学対象専門科目,経済学部提供科目,,False,False
ACC22080,財務会計論1,2,3･4,講義,,専門科目,全学対象専門科目,経済学部提供科目,,False,False
ACC22090,財務会計論2,2,3･4,講義,,専門科目,全学対象専門科目,経済学部提供科目,,False,False
ACC22130,経営分析論,2,3･4,講義,,専門科目,全学対象専門科目,経済学部提供科目,,False,False
FIN22010,ファイナンス1,2,3･4,講義,,専門科目,全学対象専門科目,経済学部提供科目,,False,False
FIN22020,ファイナンス2,2,3･4,講義,,専門科目,全学対象専門科目,経済学部提供科目,,False,False
FIN32110,ファイナンス3,2,3･4,講義,,専門科目,全学対象専門科目,経済学部提供科目,,False,False
FIN22030,財務報告論1,2,2-4,講義,,専門科目,全学対象専門科目,経済学部提供科目,,False,False
FIN22040,財務報告論2,2,2-4,講義,,専門科目,全学対象専門科目,経済学部提供科目,,False,False
FIN22050,証券市場論1,2,3･4,講義,,専門科目,全学対象専門科目,経済学部提供科目,,False,False
FIN22060,証券市場論2,2,3･4,講義,,専門科目,全学対象専門科目,経済学部提供科目,,False,False
FIN32150,信託論,2,3･4,講義,*,専門科目,全学対象専門科目,経済学部提供科目,,False,False
FIN32400,保険･年金論,2,3･4,講義,,専門科目,全学対象専門科目,経済学部提供科目,,False,False
FIN32030,金融法1,2,3･4,講義,,専門科目,全学対象専門科目,経済学部提供科目,,False,False
LIT02390,比較文学論（日欧）,2,2-4,講義,*,専門科目,全学対象専門科目,人文学部提供科目,,False,False
ART22410,ヨーロッパ建築史,2,3･4,講義,*,専門科目,全学対象専門科目,人文学部提供科目,,False,False
PHI02370,比較思想（日欧）,2,2-4,講義,*,専門科目,全学対象専門科目,人文学部提供科目,,False,False
HST02340,ヨーロッパ対外交流史,2,3･4,講義,*,専門科目,全学対象専門科目,人文学部提供科目,,False,False
ART02380,比較芸術論1,2,3･4,講義,*,専門科目,全学対象専門科目,人文学部提供科目,,False,False
ART02390,比較芸術論2,2,3･4,講義,*,専門科目,全学対象専門科目,人文学部提供科目,,False,False
ART02400,イメージ文化論,2,3･4,講義,*,専門科目,全学対象専門科目,人文学部提供科目,,False,False
EUS02350,テクノロジー文化論,2,3･4,講義,*,専門科目,全学対象専門科目,人文学部提供科目,,False,False
EUS02360,観光文化論（ヨーロッパ）,2,3･4,講義,*,専門科目,全学対象専門科目,人文学部提供科目,,False,False
GLS02310,越境文化論,2,3･4,講義,*,専門科目,全学対象専門科目,人文学部提供科目,,False,False
HST02710,東アジアの美術工芸史1,2,3･4,講義,*,専門科目,全学対象専門科目,人文学部提供科目,,False,False
HST02720,東アジアの美術工芸史2,2,3･4,講義,*,専門科目,全学対象専門科目,人文学部提供科目,,False,False
BAS12010,観光文化論（英米）1,2,2-4,講義,*,専門科目,全学対象専門科目,人文学部提供科目,,False,False
BAS12020,観光文化論（英米）2,2,2-4,講義,*,専門科目,全学対象専門科目,人文学部提供科目,,False,False
ARE02610,比較文化論1,2,3･4,講義,*,専門科目,全学対象専門科目,人文学部提供科目,,False,False
ARE02620,比較文化論2,2,3･4,講義,*,専門科目,全学対象専門科目,人文学部提供科目,,False,False
OTH02040,芸術の科学,2,1-4,講義,,専門科目,全学対象専門科目,人文学部提供科目,,False,False
LNG12030,英語学概論1,2,2-4,講義,,専門科目,全学対象専門科目,人文学部提供科目,,False,False
LNG12040,英語学概論2,2,2-4,講義,,専門科目,全学対象専門科目,人文学部提供科目,,False,False
LED12010,英語教育学1,2,2-4,講義,,専門科目,全学対象専門科目,人文学部提供科目,,False,False
LED12020,英語教育学2,2,2-4,講義,,専門科目,全学対象専門科目,人文学部提供科目,,False,False
LNG12010,異文化コミュニケーション論1,2,2-4,講義,*,専門科目,全学対象専門科目,人文学部提供科目,,False,False
LNG12020,異文化コミュニケーション論2,2,2-4,講義,*,専門科目,全学対象専門科目,人文学部提供科目,,False,False
LIT12010,アメリカの文学1,2,2-4,講義,,専門科目,全学対象専門科目,人文学部提供科目,,False,False
LIT12020,アメリカの文学2,2,2-4,講義,,専門科目,全学対象専門科目,人文学部提供科目,,False,False
LIT12030,イギリスの文学1,2,2-4,講義,*,専門科目,全学対象専門科目,人文学部提供科目,,False,False
LIT12040,イギリスの文学2,2,2-4,講義,*,専門科目,全学対象専門科目,人文学部提供科目,,False,False
LIT12050,英語圏文学入門1,2,2-4,講義,*,専門科目,全学対象専門科目,人文学部提供科目,,False,False
LIT12060,英語圏文学入門2,2,2-4,講義,*,専門科目,全学対象専門科目,人文学部提供科目,,False,False
LIT02350,ヨーロッパ古典文学,2,2-4,講義,*,専門科目,全学対象専門科目,人文学部提供科目,,False,False
LIT02360,ヨーロッパ小説論,2,3･4,講義,*,専門科目,全学対象専門科目,人文学部提供科目,,False,False
LIT02370,ヨーロッパの文学,2,3･4,講義,*,専門科目,全学対象専門科目,人文学部提供科目,,False,False
LNG02370,ギリシア語学1,2,3･4,講義,*,専門科目,全学対象専門科目,人文学部提供科目,,False,False
LNG02380,ギリシア語学2,2,3･4,講義,*,専門科目,全学対象専門科目,人文学部提供科目,,False,False
LNG02350,ラテン語学1,2,3･4,講義,*,専門科目,全学対象専門科目,人文学部提供科目,,False,False
LNG02360,ラテン語学2,2,3･4,講義,*,専門科目,全学対象専門科目,人文学部提供科目,,False,False
LNG02310,ドイツ語の世界1,2,3･4,講義,*,専門科目,全学対象専門科目,人文学部提供科目,,False,False
LNG02320,ドイツ語の世界2,2,3･4,講義,*,専門科目,全学対象専門科目,人文学部提供科目,,False,False
LNG02330,フランス語の世界1,2,3･4,講義,*,専門科目,全学対象専門科目,人文学部提供科目,,False,False
LNG02340,フランス語の世界2,2,3･4,講義,*,専門科目,全学対象専門科目,人文学部提供科目,,False,False
LIT02310,ドイツ文学史1,2,2-4,講義,*,専門科目,全学対象専門科目,人文学部提供科目,,False,False
LIT02320,ドイツ文学史2,2,2-4,講義,*,専門科目,全学対象専門科目,人文学部提供科目,,False,False
LIT02330,フランス文学史1,2,2-4,講義,*,専門科目,全学対象専門科目,人文学部提供科目,,False,False
LIT02340,フランス文学史2,2,2-4,講義,*,専門科目,全学対象専門科目,人文学部提供科目,,False,False
ART02310,ドイツ語圏の芸術,2,3･4,講義,*,専門科目,全学対象専門科目,人文学部提供科目,,False,False
ART02340,ヨーロッパの芸術1,2,3･4,講義,*,専門科目,全学対象専門科目,人文学部提供科目,,False,False
ART02320,ヨーロッパの芸術2,2,3･4,講義,*,専門科目,全学対象専門科目,人文学部提供科目,,False,False
EUS02380,ヨーロッパの神話と伝説,2,3･4,講義,*,専門科目,全学対象専門科目,人文学部提供科目,,False,False
EUS02370,比較文化史,2,3･4,講義,*,専門科目,全学対象専門科目,人文学部提供科目,,False,False
ART02330,フランスの芸術,2,3･4,講義,*,専門科目,全学対象専門科目,人文学部提供科目,,False,False
PHI02360,ヨーロッパ思想史,2,3･4,講義,*,専門科目,全学対象専門科目,人文学部提供科目,,False,False
PHI02310,ドイツ語圏の思想と文化,2,3･4,講義,*,専門科目,全学対象専門科目,人文学部提供科目,,False,False
PHI02330,フランス思想史1,2,3･4,講義,*,専門科目,全学対象専門科目,人文学部提供科目,,False,False
PHI02340,フランス思想史2,2,3･4,講義,*,専門科目,全学対象専門科目,人文学部提供科目,,False,False
ART12010,英米の芸術1,2,3･4,講義,*,専門科目,全学対象専門科目,人文学部提供科目,,False,False
ART12020,英米の芸術2,2,3･4,講義,*,専門科目,全学対象専門科目,人文学部提供科目,,False,False
PHI12010,英米の思想1,2,2-4,講義,*,専門科目,全学対象専門科目,人文学部提供科目,,False,False
PHI12020,英米の思想2,2,2-4,講義,*,専門科目,全学対象専門科目,人文学部提供科目,,False,False
REL12010,英語圏の宗教と文化1,2,3･4,講義,*,専門科目,全学対象専門科目,人文学部提供科目,,False,False
REL12020,英語圏の宗教と文化2,2,3･4,講義,*,専門科目,全学対象専門科目,人文学部提供科目,,False,False
PHI02350,ヨーロッパの哲学,2,3･4,講義,*,専門科目,全学対象専門科目,人文学部提供科目,,False,False
ART22350,ヨーロッパの映画,2,3･4,講義,*,専門科目,全学対象専門科目,人文学部提供科目,,False,False
ART22360,ヨーロッパの舞台芸術,2,3･4,講義,*,専門科目,全学対象専門科目,人文学部提供科目,,False,False
REL22310,キリスト教文化論,2,3･4,講義,*,専門科目,全学対象専門科目,人文学部提供科目,,False,False
HST02350,ギリシア･ローマ史,2,3･4,講義,*,専門科目,全学対象専門科目,人文学部提供科目,,False,False
HST02310,ドイツ中世史,2,3･4,講義,* ◆,専門科目,全学対象専門科目,人文学部提供科目,,False,False
HST02320,ドイツ近現代史,2,3･4,講義,*,専門科目,全学対象専門科目,人文学部提供科目,,False,False
HST02330,フランス史,2,3･4,講義,*,専門科目,全学対象専門科目,人文学部提供科目,,False,False
GLS02320,地中海文明論,2,3･4,講義,*,専門科目,全学対象専門科目,人文学部提供科目,,False,False
ARE02310,北欧文化論,2,3･4,講義,*,専門科目,全学対象専門科目,人文学部提供科目,,False,False
EUS02390,ヨーロッパ統合論,2,3･4,講義,*,専門科目,全学対象専門科目,人文学部提供科目,,False,False
EUS02400,ヨーロッパ都市論,2,3･4,講義,*,専門科目,全学対象専門科目,人文学部提供科目,,False,False
EUS02410,現代ヨーロッパ社会論,2,3･4,講義,*,専門科目,全学対象専門科目,人文学部提供科目,,False,False
HST02360,ヨーロッパ形成史,2,3･4,講義,*,専門科目,全学対象専門科目,人文学部提供科目,,False,False
HST02370,ヨーロッパ交流史,2,3･4,講義,*,専門科目,全学対象専門科目,人文学部提供科目,,False,False
HST12010,アメリカ史1,2,2-4,講義,*,専門科目,全学対象専門科目,国際教養学部提供科目,,False,False
HST12020,アメリカ史2,2,2-4,講義,*,専門科目,全学対象専門科目,国際教養学部提供科目,,False,False
HST12030,イギリス史1,2,2-4,講義,*,専門科目,全学対象専門科目,国際教養学部提供科目,,False,False
HST12040,イギリス史2,2,2-4,講義,*,専門科目,全学対象専門科目,国際教養学部提供科目,,False,False
AMS12010,アメリカ文化論1,2,2-4,講義,*,専門科目,全学対象専門科目,人文学部提供科目,,False,False
AMS12020,アメリカ文化論2,2,2-4,講義,*,専門科目,全学対象専門科目,人文学部提供科目,,False,False
BRS12010,イギリス文化論1,2,2-4,講義,*,専門科目,全学対象専門科目,人文学部提供科目,,False,False
BRS12020,イギリス文化論2,2,2-4,講義,*,専門科目,全学対象専門科目,人文学部提供科目,,False,False
ARE02320,オーストリア･東欧文化論,2,3･4,講義,*,専門科目,全学対象専門科目,人文学部提供科目,,False,False
HIS02380,国際関係史,2,3･4,講義,*,専門科目,全学対象専門科目,人文学部提供科目,,False,False
EUS02420,ルネサンス文化論,2,3･4,講義,*,専門科目,全学対象専門科目,人文学部提供科目,,False,False
FRS02310,フランス語圏の文化と社会,2,3･4,講義,*,専門科目,全学対象専門科目,人文学部提供科目,,False,False
LIT02710,中国文学史1,2,3･4,講義,*,専門科目,全学対象専門科目,人文学部提供科目,,False,False
LIT02720,中国文学史2,2,3･4,講義,*,専門科目,全学対象専門科目,人文学部提供科目,,False,False
PHI02650,中国思想史1,2,2-4,講義,*,専門科目,全学対象専門科目,人文学部提供科目,,False,False
PHI02660,中国思想史2,2,2-4,講義,*,専門科目,全学対象専門科目,人文学部提供科目,,False,False
CHS02610,現代中国論1,2,3･4,講義,,専門科目,全学対象専門科目,人文学部提供科目,,False,False
CHS02620,現代中国論2,2,3･4,講義,,専門科目,全学対象専門科目,人文学部提供科目,,False,False
KOS02710,現代韓国論1,2,3･4,講義,,専門科目,全学対象専門科目,人文学部提供科目,,False,False
KOS02720,現代韓国論2,2,3･4,講義,,専門科目,全学対象専門科目,人文学部提供科目,,False,False
KOS02730,朝鮮文化論1,2,2-4,講義,*,専門科目,全学対象専門科目,人文学部提供科目,,False,False
KOS02740,朝鮮文化論2,2,2-4,講義,*,専門科目,全学対象専門科目,人文学部提供科目,,False,False
LIT02730,朝鮮文学史1,2,2-4,講義,*,専門科目,全学対象専門科目,人文学部提供科目,,False,False
LIT02740,朝鮮文学史2,2,2-4,講義,*,専門科目,全学対象専門科目,人文学部提供科目,,False,False
LNG02610,日本の言語文化1,2,2-4,講義,,専門科目,全学対象専門科目,人文学部提供科目,,False,False
LNG02620,日本の言語文化2,2,2-4,講義,,専門科目,全学対象専門科目,人文学部提供科目,,False,False
LIT02630,日本近現代文学史1,2,2-4,講義,,専門科目,全学対象専門科目,人文学部提供科目,,False,False
LIT02640,日本近現代文学史2,2,2-4,講義,,専門科目,全学対象専門科目,人文学部提供科目,,False,False
HST02690,日本芸能史1,2,2-4,講義,*,専門科目,全学対象専門科目,人文学部提供科目,,False,False
HST02700,日本芸能史2,2,2-4,講義,*,専門科目,全学対象専門科目,人文学部提供科目,,False,False
JPS02610,日本文化論1,2,3･4,講義,,専門科目,全学対象専門科目,人文学部提供科目,,False,False
JPS02620,日本文化論2,2,3･4,講義,,専門科目,全学対象専門科目,人文学部提供科目,,False,False
HST02670,日本美術工芸史1,2,2-4,講義,,専門科目,全学対象専門科目,人文学部提供科目,,False,False
HST02680,日本美術工芸史2,2,2-4,講義,,専門科目,全学対象専門科目,人文学部提供科目,,False,False
HST02630,日本建築史1,2,2-4,講義,,専門科目,全学対象専門科目,人文学部提供科目,,False,False
HST02640,日本建築史2,2,2-4,講義,,専門科目,全学対象専門科目,人文学部提供科目,,False,False
FOL02630,民俗宗教論1,2,2-4,講義,*,専門科目,全学対象専門科目,人文学部提供科目,,False,False
FOL02640,民俗宗教論2,2,2-4,講義,*,専門科目,全学対象専門科目,人文学部提供科目,,False,False
FOL02610,日本民俗史1,2,2-4,講義,,専門科目,全学対象専門科目,人文学部提供科目,,False,False
FOL02620,日本民俗史2,2,2-4,講義,,専門科目,全学対象専門科目,人文学部提供科目,,False,False
HST02610,日本服飾文化史1,2,2-4,講義,◆,専門科目,全学対象専門科目,人文学部提供科目,,False,False
HST02620,日本服飾文化史2,2,2-4,講義,◆,専門科目,全学対象専門科目,人文学部提供科目,,False,False
JPS02630,日本の身体文化1,2,2-4,講義,*,専門科目,全学対象専門科目,人文学部提供科目,,False,False
JPS02640,日本の身体文化2,2,2-4,講義,*,専門科目,全学対象専門科目,人文学部提供科目,,False,False
AST02610,琉球文化論1,2,2-4,講義,,専門科目,全学対象専門科目,人文学部提供科目,,False,False
AST02620,琉球文化論2,2,2-4,講義,,専門科目,全学対象専門科目,人文学部提供科目,,False,False
PHI02610,日本思想史1,2,2-4,講義,*,専門科目,全学対象専門科目,人文学部提供科目,,False,False
PHI02620,日本思想史2,2,2-4,講義,*,専門科目,全学対象専門科目,人文学部提供科目,,False,False
REL02610,日本の仏教1,2,3･4,講義,*,専門科目,全学対象専門科目,人文学部提供科目,,False,False
REL02620,日本の仏教2,2,3･4,講義,*,専門科目,全学対象専門科目,人文学部提供科目,,False,False
HST02650,日本文化史1,2,2-4,講義,*,専門科目,全学対象専門科目,人文学部提供科目,,False,False
HST02660,日本文化史2,2,2-4,講義,*,専門科目,全学対象専門科目,人文学部提供科目,,False,False
LIT02610,日本古典文学史1,2,2-4,講義,,専門科目,全学対象専門科目,人文学部提供科目,,False,False
LIT02620,日本古典文学史2,2,2-4,講義,,専門科目,全学対象専門科目,人文学部提供科目,,False,False
OTH02020,現代スポーツ論,2,1-4,講義,,専門科目,全学対象専門科目,人文学部提供科目,,False,False
OTH02070,スポーツ身体論,2,1-4,講義,*,専門科目,全学対象専門科目,人文学部提供科目,,False,False
OTH02030,スポーツイメージ文化論,2,1-4,講義,* ◆,専門科目,全学対象専門科目,人文学部提供科目,,False,False
OTH02050,生物多様性の科学,2,1-4,講義,,専門科目,全学対象専門科目,人文学部提供科目,,False,False
OTH02060,生物学のフロンティア,2,1-4,講義,,専門科目,全学対象専門科目,人文学部提供科目,,False,False
ENV12310,地球と宇宙のフロンティア,2,1-4,講義,,専門科目,全学対象専門科目,人文学部提供科目,,False,False
OTH02010,宇宙観の歴史,2,1-4,講義,,専門科目,全学対象専門科目,人文学部提供科目,,False,False
ENV02320,都市環境論,2,1-4,講義,,専門科目,全学対象専門科目,人文学部提供科目,,False,False
ENV02310,ヨーロッパ環境論,2,3･4,講義,*,専門科目,全学対象専門科目,人文学部提供科目,,False,False
LIT02000,世界の中の日本文学,2,2-4,講義,*,専門科目,全学対象専門科目,人文学部提供科目,,False,False
JPS02000,日本の表象文化,2,2-4,講義,*,専門科目,全学対象専門科目,人文学部提供科目,,False,False
GLS02000,世界の言語と社会,2,1-4,講義,*,専門科目,全学対象専門科目,人文学部提供科目,,False,False
GLS21000,GHゼミナール1［国際日本学］,2,3･4,演習,*,専門科目,全学対象専門科目,人文学部提供科目,,False,False
GLS21010,GHゼミナール2［国際日本学］,2,3･4,演習,*,専門科目,全学対象専門科目,人文学部提供科目,,False,False
LED02610,日本語の教授法1,2,1-4,講義,,専門科目,全学対象専門科目,人文学部提供科目,,False,False
LED02620,日本語の教授法2,2,1-4,講義,,専門科目,全学対象専門科目,人文学部提供科目,,False,False
LED21610,日本語の教授法演習1,2,2-4,演習,,専門科目,全学対象専門科目,人文学部提供科目,,False,False
LED21620,日本語の教授法演習2,2,2-4,演習,,専門科目,全学対象専門科目,人文学部提供科目,,False,False
HST12010,Introduction to Global History 1,2,1-4,講義,※,専門科目,全学対象専門科目,国際教養学部提供科目,,False,False
HST12020,Introduction to Global History 2,2,1-4,講義,※,専門科目,全学対象専門科目,国際教養学部提供科目,,False,False
IRL12010,Transnational Issues 1,2,1-4,講義,◆ ※,専門科目,全学対象専門科目,国際教養学部提供科目,,False,False
IRL12020,Transnational Issues 2,2,1-4,講義,◆ ※,専門科目,全学対象専門科目,国際教養学部提供科目,,False,False
IRL12030,Understanding Foreign Affairs and the Global Economy,2,1-4,講義,◆ ※,専門科目,全学対象専門科目,国際教養学部提供科目,,False,False
GLS16010,Global Service Learning A1,1,1-4,実習,※,専門科目,全学対象専門科目,国際教養学部提供科目,,False,False
GLS16020,Global Service Learning A2,1,1-4,実習,※,専門科目,全学対象専門科目,国際教養学部提供科目,,False,False
GLS16030,Global Service Learning B1,2,1-4,実習,※,専門科目,全学対象専門科目,国際教養学部提供科目,,False,False
GLS16040,Global Service Learning B2,2,1-4,実習,※,専門科目,全学対象専門科目,国際教養学部提供科目,,False,False
GLS16050,Global Service Learning C1,4,1-4,実習,※,専門科目,全学対象専門科目,国際教養学部提供科目,,False,False
GLS16060,Global Service Learning C2,4,1-4,実習,◆ ※,専門科目,全学対象専門科目,国際教養学部提供科目,,False,False
ECO22030,Introduction to Economics（a）,4,2-4,講義,※,専門科目,全学対象専門科目,国際教養学部提供科目,,False,False
POL12030,Foundations of Political Science,2,1-4,講義,◆ ※,専門科目,全学対象専門科目,国際教養学部提供科目,,False,False
MAN12010,Introduction to Management,2,1-4,講義,◆ ※,専門科目,全学対象専門科目,国際教養学部提供科目,,False,False
ECO22230,Trade Economics,2,2-4,講義,* ◆ ※,専門科目,全学対象専門科目,国際教養学部提供科目,,False,False
ECO22240,International Finance,2,2-4,講義,* ◆ ※,専門科目,全学対象専門科目,国際教養学部提供科目,,False,False
MAN22010,Industrial Organization,2,2-4,講義,◆ ※,専門科目,全学対象専門科目,国際教養学部提供科目,,False,False
MAN22060,Business and Society,2,2-4,講義,◆ ※,専門科目,全学対象専門科目,国際教養学部提供科目,,False,False
GLS12010,Survey of Global Studies 1,2,1,講義,※,専門科目,全学対象専門科目,国際教養学部提供科目,,False,False
GLS12020,Survey of Global Studies 2,2,1,講義,※,専門科目,全学対象専門科目,国際教養学部提供科目,,False,False
GLS12030,Survey of Transcultural Studies 1,2,1,講義,◆ ※,専門科目,全学対象専門科目,国際教養学部提供科目,,False,False
GLS12040,Survey of Transcultural Studies 2,2,1,講義,◆ ※,専門科目,全学対象専門科目,国際教養学部提供科目,,False,False
IRL22010,Topics in Foreign Policy and Diplomacy 1,2,2-4,講義,◆ ※,専門科目,全学対象専門科目,国際教養学部提供科目,,False,False
IRL22020,Topics in Foreign Policy and Diplomacy 2,2,2-4,講義,◆ ※,専門科目,全学対象専門科目,国際教養学部提供科目,,False,False
GLS22010,Survey of Futures Studies 1,2,2-4,講義,※,専門科目,全学対象専門科目,国際教養学部提供科目,,False,False
GLS22020,Survey of Futures Studies 2,2,2-4,講義,※,専門科目,全学対象専門科目,国際教養学部提供科目,,False,False
POL32060,Survey of Comparative Politics 1,2,2-4,講義,* ◆ ※,専門科目,全学対象専門科目,国際教養学部提供科目,,False,False
POL32070,Survey of Comparative Politics 2,2,2-4,講義,* ◆ ※,専門科目,全学対象専門科目,国際教養学部提供科目,,False,False
GLS32010,Global Civics 1,2,2-4,講義,* ※,専門科目,全学対象専門科目,国際教養学部提供科目,,False,False
GLS32020,Global Civics 2,2,2-4,講義,* ※,専門科目,全学対象専門科目,国際教養学部提供科目,,False,False
POL32080,Survey of Political Ideas 1,2,2-4,講義,* ◆ ※,専門科目,全学対象専門科目,国際教養学部提供科目,,False,False
POL32090,Survey of Political Ideas 2,2,2-4,講義,* ◆ ※,専門科目,全学対象専門科目,国際教養学部提供科目,,False,False
IRL32010,Peace Studies 1,2,2-4,講義,* ※,専門科目,全学対象専門科目,国際教養学部提供科目,,False,False
IRL32020,Peace Studies 2,2,2-4,講義,* ※,専門科目,全学対象専門科目,国際教養学部提供科目,,False,False
COM22010,Communication Studies 1,2,2-4,講義,※,専門科目,全学対象専門科目,国際教養学部提供科目,,False,False
COM22020,Communication Studies 2,2,2-4,講義,※,専門科目,全学対象専門科目,国際教養学部提供科目,,False,False
LNG22010,Second Language Studies 1,2,2-4,講義,※,専門科目,全学対象専門科目,国際教養学部提供科目,,False,False
LNG22020,Second Language Studies 2,2,2-4,講義,※,専門科目,全学対象専門科目,国際教養学部提供科目,,False,False
LNG32010,World Englishes 1,2,2-4,講義,* ◆ ※,専門科目,全学対象専門科目,国際教養学部提供科目,,False,False
LNG32020,World Englishes 2,2,2-4,講義,* ◆ ※,専門科目,全学対象専門科目,国際教養学部提供科目,,False,False
COM32010,Media Communications 1,2,2-4,講義,* ※,専門科目,全学対象専門科目,国際教養学部提供科目,,False,False
COM32020,Media Communications 2,2,2-4,講義,* ※,専門科目,全学対象専門科目,国際教養学部提供科目,,False,False
LNG32030,Language & Communication Barriers 1,2,2-4,講義,* ※,専門科目,全学対象専門科目,国際教養学部提供科目,,False,False
LNG32040,Language & Communication Barriers 2,2,2-4,講義,* ※,専門科目,全学対象専門科目,国際教養学部提供科目,,False,False
COM32030,Translation & Interpretation Studies 1,2,2-4,講義,* ※,専門科目,全学対象専門科目,国際教養学部提供科目,,False,False
COM32040,Translation & Interpretation Studies 2,2,2-4,講義,* ※,専門科目,全学対象専門科目,国際教養学部提供科目,,False,False
CST22010,Cultural Representations 1,2,2-4,講義,※,専門科目,全学対象専門科目,国際教養学部提供科目,,False,False
CST22020,Cultural Representations 2,2,2-4,講義,※,専門科目,全学対象専門科目,国際教養学部提供科目,,False,False
LIT22010,Global Literatures in English 1,2,2-4,講義,※,専門科目,全学対象専門科目,国際教養学部提供科目,,False,False
LIT22020,Global Literatures in English 2,2,2-4,講義,※,専門科目,全学対象専門科目,国際教養学部提供科目,,False,False
JPS22010,Japanese Studies 1,2,2-4,講義,※,専門科目,全学対象専門科目,国際教養学部提供科目,,False,False
JPS22020,Japanese Studies 2,2,2-4,講義,※,専門科目,全学対象専門科目,国際教養学部提供科目,,False,False
JPS32010,Topics in Japanese Culture 1,2,2-4,講義,* ※,専門科目,全学対象専門科目,国際教養学部提供科目,,False,False
JPS32020,Topics in Japanese Culture 2,2,2-4,講義,* ※,専門科目,全学対象専門科目,国際教養学部提供科目,,False,False
HST32010,Japanese History in Global Perspective 1,2,2-4,講義,* ※,専門科目,全学対象専門科目,国際教養学部提供科目,,False,False
HST32020,Japanese History in Global Perspective 2,2,2-4,講義,* ※,専門科目,全学対象専門科目,国際教養学部提供科目,,False,False
HST32030,Transnational Cultures 1,2,2-4,講義,* ※,専門科目,全学対象専門科目,国際教養学部提供科目,,False,False
HST32040,Transnational Cultures 2,2,2-4,講義,* ※,専門科目,全学対象専門科目,国際教養学部提供科目,,False,False
LIT32010,Diversity in Stories and Societies 1,2,2-4,講義,* ※,専門科目,全学対象専門科目,国際教養学部提供科目,,False,False
LIT32020,Diversity in Stories and Societies 2,2,2-4,講義,* ※,専門科目,全学対象専門科目,国際教養学部提供科目,,False,False
SEM31040,副専攻ゼミナール1,2,3･4,演習,◆ ※,専門科目,全学対象専門科目,国際教養学部提供科目,,False,False
SEM31050,副専攻ゼミナール2,2,3･4,演習,◆ ※,専門科目,全学対象専門科目,国際教養学部提供科目,,False,False
JPS32040,Japan and International Society,4,2-4,講義,,専門科目,全学対象専門科目,留学・国際交流関連科目,,False,False
AST32160,Studies of Asian Economies,2,2-4,講義,,専門科目,全学対象専門科目,留学・国際交流関連科目,,False,False
AST32150,Politics in Asia,2,2-4,講義,,専門科目,全学対象専門科目,留学・国際交流関連科目,,False,False
JPS32010,Japanese History,4,2-4,講義,*,専門科目,全学対象専門科目,国際教養学部提供科目,,False,False
JPS32030,Survey of Japanese Literature,4,2-4,講義,*,専門科目,全学対象専門科目,留学・国際交流関連科目,,False,False
JPS32020,Japanese Culture and Society,4,2-4,講義,*,専門科目,全学対象専門科目,国際教養学部提供科目,,False,False
AST32170,Traditional Arts of Asia,2,2-4,講義,*,専門科目,全学対象専門科目,留学・国際交流関連科目,,False,False
AST32180,Modern Arts of Asia,2,2-4,講義,*,専門科目,全学対象専門科目,留学・国際交流関連科目,,False,False
JPS31010,Seminar in Entrepreneurship,2,2-4,演習,,専門科目,全学対象専門科目,留学・国際交流関連科目,,False,False
AST32040,Comparative Perspectives on Asian Societies,4,2-4,講義,*,専門科目,全学対象専門科目,留学・国際交流関連科目,,False,False
AST32050,Comparative Cultures and Histories,4,2-4,講義,*,専門科目,全学対象専門科目,留学・国際交流関連科目,,False,False
AST32070,Asian Philosophies & Thought,4,2-4,講義,*,専門科目,全学対象専門科目,留学・国際交流関連科目,,False,False
AST32080,Survey in Comparative Literatures,2,2-4,講義,*,専門科目,全学対象専門科目,留学・国際交流関連科目,,False,False
AST32060,Globalization and Asia,4,2-4,講義,,専門科目,全学対象専門科目,留学・国際交流関連科目,,False,False
AST32140,Environmental Issues in a Global Context,4,2-4,講義,,専門科目,全学対象専門科目,留学・国際交流関連科目,,False,False
AST32030,Topics in Global Business,4,2-4,講義,,専門科目,全学対象専門科目,留学・国際交流関連科目,,False,False
AST32020,Topics in Technology & Society,2,2-4,講義,,専門科目,全学対象専門科目,留学・国際交流関連科目,,False,False
AST31020,Seminar in Visual Cultures,2,2-4,演習,,専門科目,全学対象専門科目,留学・国際交流関連科目,,False,False
AST32010,Special Topics in Global Asia,2,2-4,講義,*,専門科目,全学対象専門科目,留学・国際交流関連科目,,False,False
AST32090,Survey of Global Media & Communication,2,2-4,講義,,専門科目,全学対象専門科目,留学・国際交流関連科目,,False,False
AST32100,Topics in Gender & Sexuality,4,2-4,講義,,専門科目,全学対象専門科目,留学・国際交流関連科目,,False,False
AST32110,Survey of Identities in Asia,4,2-4,講義,,専門科目,全学対象専門科目,留学・国際交流関連科目,,False,False
AST31010,Seminar in Global Asia Issues,2,2-4,演習,*,専門科目,全学対象専門科目,留学・国際交流関連科目,,False,False
AST32120,Global Asia in the 21st Century,4,2-4,講義,,専門科目,全学対象専門科目,留学・国際交流関連科目,,False,False
AST32130,Survey of Global Issues,2,2-4,講義,,専門科目,全学対象専門科目,留学・国際交流関連科目,,False,False
JPS31020,Fieldwork in Japan,2,2-4,演習,,専門科目,全学対象専門科目,留学・国際交流関連科目,,False,False
IRL01010,留学入門ゼミナール,2,1-4,演習,,専門科目,全学対象専門科目,留学・国際交流関連科目,,False,False
AMS02011,アメリカの社会と文化1,2,1-4,講義,,専門科目,全学対象専門科目,留学・国際交流関連科目,,False,False
AMS02012,アメリカの社会と文化2,2,1-4,講義,,専門科目,全学対象専門科目,留学・国際交流関連科目,,False,False
BRS02011,イギリスの社会と文化1,2,1-4,講義,,専門科目,全学対象専門科目,留学・国際交流関連科目,,False,False
BRS02012,イギリスの社会と文化2,2,1-4,講義,,専門科目,全学対象専門科目,留学・国際交流関連科目,,False,False
GES22310,ドイツ語圏の社会と文化1,2,2-4,講義,ドイツ語による授業,専門科目,全学対象専門科目,留学・国際交流関連科目,,False,False
GES22320,ドイツ語圏の社会と文化2,2,2-4,講義,ドイツ語による授業,専門科目,全学対象専門科目,留学・国際交流関連科目,,False,False
FRS22320,フランスの歴史と社会1,2,2-4,講義,フランス語による授業,専門科目,全学対象専門科目,留学・国際交流関連科目,,False,False
FRS22330,フランスの歴史と社会2,2,2-4,講義,フランス語による授業,専門科目,全学対象専門科目,留学・国際交流関連科目,,False,False
JPS02071,日本の社会と文化1,2,1-4,講義,*,専門科目,全学対象専門科目,留学・国際交流関連科目,,False,False
JPS02072,日本の社会と文化2,2,1-4,講義,*,専門科目,全学対象専門科目,留学・国際交流関連科目,,False,False
AST02171,中国の社会と文化1,2,2-4,講義,* 中国語による授業,専門科目,全学対象専門科目,留学・国際交流関連科目,,False,False
AST02172,中国の社会と文化2,2,2-4,講義,* 中国語による授業,専門科目,全学対象専門科目,留学・国際交流関連科目,,False,False
AST02181,韓国･朝鮮の社会と文化1,2,2-4,講義,* 韓国･朝鮮語による授業,専門科目,全学対象専門科目,留学・国際交流関連科目,,False,False
AST02182,韓国･朝鮮の社会と文化2,2,2-4,講義,* 韓国･朝鮮語による授業,専門科目,全学対象専門科目,留学・国際交流関連科目,,False,False
IRL02011,現代世界の諸問題1,2,1-4,講義,,専門科目,全学対象専門科目,留学・国際交流関連科目,,False,False
IRL02012,現代世界の諸問題2,2,1-4,講義,,専門科目,全学対象専門科目,留学・国際交流関連科目,,False,False
LED06011,グローバル･コミュニケーション1,1,1-4,実習,*,専門科目,全学対象専門科目,留学・国際交流関連科目,,False,False
LED06012,グローバル･コミュニケーション2,1,1-4,実習,*,専門科目,全学対象専門科目,留学・国際交流関連科目,,False,False
LED06013,イングリッシュ･サマースクール1,1,1-4,実習,◆,専門科目,全学対象専門科目,留学・国際交流関連科目,,False,False
LED06014,イングリッシュ･サマースクール2,1,1-4,実習,◆,専門科目,全学対象専門科目,留学・国際交流関連科目,,False,False
LED02011,インターカルチュラルスキル養成講座1,2,1-4,講義,,専門科目,全学対象専門科目,留学・国際交流関連科目,,False,False
LED02012,インターカルチュラルスキル養成講座2,2,1-4,講義,,専門科目,全学対象専門科目,留学・国際交流関連科目,,False,False
IRL02021,グローバル･リーダーシップ養成講座1,2,1-4,講義,,専門科目,全学対象専門科目,留学・国際交流関連科目,,False,False
IRL02022,グローバル･リーダーシップ養成講座2,2,1-4,講義,,専門科目,全学対象専門科目,留学・国際交流関連科目,,False,False
LED06041,留学のための英語講座A1（TOEFL),1,1-4,実習,◆,専門科目,全学対象専門科目,留学・国際交流関連科目,,False,False
LED06042,留学のための英語講座A2（TOEFL),1,1-4,実習,◆,専門科目,全学対象専門科目,留学・国際交流関連科目,,False,False
LED06051,留学のための英語講座B1（IELTS),1,1-4,実習,,専門科目,全学対象専門科目,留学・国際交流関連科目,,False,False
LED06052,留学のための英語講座B2（IELTS),1,1-4,実習,◆,専門科目,全学対象専門科目,留学・国際交流関連科目,,False,False
GES26410,ドイツ語論述実習1,1,2-4,実習,ドイツ語による授業,専門科目,全学対象専門科目,留学・国際交流関連科目,,False,False
GES26420,ドイツ語論述実習2,1,2-4,実習,ドイツ語による授業,専門科目,全学対象専門科目,留学・国際交流関連科目,,False,False
FRS26410,フランス語論述実習1,1,2-4,実習,フランス語による授業,専門科目,全学対象専門科目,留学・国際交流関連科目,,False,False
FRS26420,フランス語論述実習2,1,2-4,実習,フランス語による授業,専門科目,全学対象専門科目,留学・国際交流関連科目,,False,False
LED06061,中国語論述実習1,1,2-4,実習,* 中国語による授業,専門科目,全学対象専門科目,留学・国際交流関連科目,,False,False
LED06062,中国語論述実習2,1,2-4,実習,* 中国語による授業,専門科目,全学対象専門科目,留学・国際交流関連科目,,False,False
LED06071,韓国･朝鮮語論述実習1,1,2-4,実習,* 韓国･朝鮮語による授業,専門科目,全学対象専門科目,留学・国際交流関連科目,,False,False
LED06072,韓国･朝鮮語論述実習2,1,2-4,実習,* 韓国･朝鮮語による授業,専門科目,全学対象専門科目,留学・国際交流関連科目,,False,False
EDU12010,教職入門,2,1-4,講義,,専門科目,全学対象専門科目,教職課程関連科目,,False,False
EDU12020,教育基礎論,2,1-4,講義,,専門科目,全学対象専門科目,教職課程関連科目,,False,False
EDU22010,教育心理学1,2,2-4,講義,履修条件：「教職入門」又は「教 育基礎論」を修得済であること,専門科目,全学対象専門科目,教職課程関連科目,,False,False
EDU32040,教育方法論,2,3-4,講義,,専門科目,全学対象専門科目,教職課程関連科目,,False,False
CTP02010,生涯学習概論,2,1-4,講義,,専門科目,全学対象専門科目,教職課程関連科目,,False,False
CTP02020,博物館概論,2,1-4,講義,,専門科目,全学対象専門科目,教職課程関連科目,,False,False
CTP02060,博物館展示論,2,1-4,講義,,専門科目,全学対象専門科目,教職課程関連科目,,False,False
CTP02070,博物館情報･メディア論,2,1-4,講義,,専門科目,全学対象専門科目,教職課程関連科目,,False,False
TCP12010,日本史概説,2,1-4,講義,,専門科目,全学対象専門科目,学芸員課程関連科目,,False,False
TCP12020,外国史概説,2,1-4,講義,,専門科目,全学対象専門科目,学芸員課程関連科目,,False,False
TCP12030,法律学概説（国際法を含む）,2,1-4,講義,,専門科目,全学対象専門科目,学芸員課程関連科目,,False,False
TCP12040,政治学概説（国際政治を含む）,2,1-4,講義,,専門科目,全学対象専門科目,学芸員課程関連科目,,False,False
TCP12050,経済学概説（国際経済を含む）,2,1-4,講義,,専門科目,全学対象専門科目,学芸員課程関連科目,,False,False
TCP12070,地誌概説,2,1-4,講義,,専門科目,全学対象専門科目,学芸員課程関連科目,,False,False
TCP12080,人文地理学概説,2,1-4,講義,,専門科目,全学対象専門科目,学芸員課程関連科目,,False,False
TCP12090,自然地理学概説,2,1-4,講義,,専門科目,全学対象専門科目,学芸員課程関連科目,,False,False
TCP12100,倫理学概説,2,1-4,講義,,専門科目,全学対象専門科目,学芸員課程関連科目,,False,False
TCP12110,宗教学概説,2,1-4,講義,,専門科目,全学対象専門科目,学芸員課程関連科目,,False,False
TCP12120,哲学概説,2,1-4,講義,,専門科目,全学対象専門科目,学芸員課程関連科目,,False,False
TCP12130,心理学概説,2,1-4,講義,,専門科目,全学対象専門科目,学芸員課程関連科目,,False,False

##CREDITS##
name,level,required,earned,enrolled,total
合計,0,124,80,,0
総合,1,20,18,,0
総合(A),2,2,0,,0
総合(B),2,2,4,,0
総合(C),2,2,8,,0
総合(D),2,2,2,,0
総合(E),2,2,2,,0
総合(F),2,2,2,,0
外国語,1,8,8,,0
必修,2,6,6,,0
必外1年,3,,4,,0
必外2年,3,,2,,0
選択,2,2,2,,0
選外,3,,2,,0
専門,1,96,54,,0
ゼミ,2,20,8,,0
理論,2,,8,,0
理論必修,3,4,4,,0
理論選択,3,,4,,0
方法,2,,18,,0
方法必修,3,6,6,,0
方法選択,3,6,12,,0
展開,2,28,18,,0
ﾒﾃﾞｨｺﾐ,3,,8,,0
パブコミ,3,,6,,0
ﾒﾃﾞｨﾌﾟﾛ,3,,4,,0
学部共,2,,2,,0
全学専,2,,0,,0
教職概,2,,0,,0
